Architecture,Art,Biology,Business,Chemistry,Computer Programming,Data Analysis,Design,Economics,Education,Electronics,Engineering,Environmental Science,Nutrition,Healthcare,History,Humanities,Languages,Law,Literature,Mathematics,Medicine,Physics,Science,Social Science
Architecture History,Animation,Animal Behaviour,Accounting,Astronomy,.NET,Access Controls,Accessibility,Banking,AP Courses,5G,Aeronautical Engineering,Activism & Advocacy,Cellular Biology,Anatomy,African Studies,African Studies,Arabic,Business Law,Archaeology,Algebra,Anatomy,Architecture,Biology,Abnormal Psychology
Architectural Restoration,Architecture,Animal Breeding,Accounting Actuarial Science,Astrophysics,Access Controls,Adabas,Adobe InDesign,Behavioural Economics,College Preparation,Circuits,Aerospace Engineering,Agribusiness,Continuing Medical Education,Anti-Vaccination,American Studies,Anthropology,Chinese,Children's Rights,Area Studies,Calculus,Behavioural Science,Astrophysics,Chemistry,Area Studies
Construction,Architectural Restoration,Biochemistry,Actuarial Science,Climate Change,Active Directory,Aerospike,Adobe Target,Bitcoin,Educational Technology,Civil Engineering,Artificial Intelligence,Agriculture,Cooking,Coaching,Ancient Egypt,Art,Chinese History,Civil Liberties,Art,Data Analysis,Biology,Dynamics,Cognitive Science,Behavioural Psychology
Dynamics,Art History,Bioelectricity,Agile Project Management,Earth Sciences,Acunetix,AG Grid,AutoCAD,Blockchain,Grad School Prep,Digital Transformation,Audio Engineering,Astronomy,Diabetes,Continuing Medical Education,Architectural Restoration,Arts & Humanities,Composition,Contracts,Bible,Differential Equations,Biomedical Engineering,Earth Sciences,Environmental Science,Capitalism
History,Blender,Bioinformatics,Bookkeeping,Energy,Ada,Alteryx,Computer Graphics,Business Administration,Higher Education,Drones,Augmented Reality,Astrophysics,Disease,Coronavirus,Architecture History,Asian Studies,English,Criminal Law,Buddhism,Discrete Mathematics,Biomedical Imaging,Global Warming,Natural Sciences,Child Development
Housing,Cartography,Biomaterials,Brand Engagement,Geochemistry,Adabas,Analytics,Customer Centric Innovation,Cash Flow Analysis,K12,Electrical Engineering,Automation,Biomedical Sciences,DNA,Crisis Resource Management,Area Studies,Business Communications,ESL (English as a second language),Criminology,Creative Writing,Engineering,Biomedical Sciences,Magnetism,Nuclear Physics,Civil Liberties
Infrastructure,CGI Animation,Biomedical Imaging,Branding,Global Warming,Adaptive Design,Apache Fink,Design Thinking,Circular Economy,Learning Skills,Electricity,Autonomous Robotics,Biorefinery,Drugs,Ebola,Art History,Chinese History,French,Current Events,Culture,Excel Formulas,Cannabis,Mathematical Modelling,Oceanography,Counterterrorism
Physics,Counselling,Biomedical Sciences,Business & Management,Natural Sciences,Adobe Captivate,AWS Glue,Fashion,Corporate Finance,Project-Based Learning,Embedded Systems,Azure Security,Cartography,Food Safety,Epidemiology,Asian Studies,Christianity,German,Elections,Ethics,Geometry,Cellular Biology,Mechanics,Organic Chemistry,Current Events
Railway Engineering,Creativity,Biostatistics,Business Analysis,Optics,Adobe Coldfusion,AWS Kinesis,Future of Work,Cost Accounting,Research Skills and Methods,Environmental Engineering,Biomedical Engineering,Chemistry,Food Science,Health Informatics,Chinese History,Comparative Politics,Grammar,Gender Equity,Film,Linear Algebra,Coronavirus,Natural Sciences,Renewable Energy,Democracy
Religion,Culture,Biotechnology,Business Analytics,Physical Chemistry,Adobe Dreamweaver,Beautifulsoup,Game Design,Cryptocurrency,Science,Industrial Design,Chemical Engineering,Climate Change,Medicine,Healthcare Administration,Civil War,Conflict Resolution,Italian,Healthcare,Greek Heroes,Linguistics,Dentistry,Nature,Solar Energy,Economics
Steel,Design,Cellular Biology,Business Communications,Quantum Mechanics,Adobe Experience Manager,Big Data,Gamification,Cryptography,Social Welfare,Internet of Things,Civil Engineering,Dinosaurs,Opioid Crisis,Human Psychology,Communist China,European Studies,Italian Opera,Inequality,History,Logic,Diabetes,Nuclear Physics,Space,Education
Transportation,Digital Content Creation,,Business Development,Renewable Energy,Adobe InDesign,Big Query,Graphic Design,Econometrics,Teacher Training,Manufacturing,Computer Architecture,Earth Sciences,Parenting,Life Skills,Egyptian History,Geography,Japanese,Insurance,Humanities,Mathematical Modelling,DNA,Oceanography,,Foreign Policy
Vernacular Architecture,Drawing,,Business Law,Solar Energy,Adware,Binomial Distribution,Human Computer Interaction,Economic Policy,Teaching Strategies,Materials Science,Computer Engineering,Ecosystems,Safety,Mental Health,European Studies,Global Studies,Latin,Intellectual Property,Islam,Matrix Math,Epidemics,Optics,,Gender Studies
World History,Humanities,,Business Model,Spectroscopy,AG Grid,Business Intelligence,Human Robot Interaction,Entrepreneurship,Test Prep,Mechanical Engineering,Computer Hardware,Energy,,Mindfulness,Humanities,Hinduism,Linguistics,International Development,Italian Opera,Philosophy,Genetics,Physical Chemistry,,Government
,Memes,,Business Plan,STEM,Aggregator,C++,Ideation,Finance,,Microcontrollers,Computer Networking,Energy Transition,,Molecular Biology,Imperial China,History,Mandarin,International Law,Linguistics,Pre-Algebra,Health Informatics,Planets,,Happiness
,Mythology,,Business Skills,,Agile Software Development,ChatGPT,Interaction Design,Financial Analysis,,Nanotechnology,Computer Programming,Environmental Engineering,,Nursing,Japanese History,International Relations,Mandarin Chinese,Islamic Commercial Law,Music,Pre-Calculus,Human Behaviour,Quantum Computing,,Human Psychology
,Popular Culture,,Business Strategy,,Agile Testing,Cipher,Product Design,Financial Literacy,,Quantum Detection,Computer Science,Geochemistry,,Nutrition,Latin American Studies,Islam,Noongar,Justice,Music and Arts,Probability,Human Biology,Quantum Detection,,Human Rights
,Procedural Modelling,,Career Development,,Ajax,Convolutional Neural Network,User Experience (UX),Fintech,,Semiconductors,Construction,Geology,,Opioid Crisis,Middle Eastern Studies,Judaism,Portuguese,Law,Music Theory,Statistics,Microbiology,Quantum Physics and Mechanics,,Humanitarianism
,Screenplays,,Change Management,,Algorithms,Data Analytics,UX Design,Game Theory,,STEM,Electrical Engineering,Geophysics,,Personal Development,Mythology,Language,Rhetoric,Media Law,Mythology,,Microscopy,Renewable Energy,,Immigration
,Shakespeare,,Communications,,Amazon Athena,Data Encoding,Virtual Reality,Globalization,,Structural Engineering,Electronics,Geosciences,,Public Health,Philosophy,Latin,Russian,Political Debate,Novels,,Nervous System,Spectroscopy,,Inequality
,Vernacular Architecture,,Competitive Strategy,,Android Development,Data Encryption,Web Accessibility,International Trade,,Technology,Environmental Engineering,GIS Geographic Information Systems,,Reproduction,Social Science,Literature,Sign Language,Political Science,Philosophy,,Nursing,,,Media Studies
,Video Editing,,Content Marketing,,Android Studio,Data Engineering,Web Design,Investing,,Thermodynamics,Fluid Mechanics,Global Warming,,Self Care,Theology,Middle Eastern Studies,Spanish,Race & Racism,Poetry,,Nutrition,,,Political Debate
,Video Game Writing,,Copywriting,,Angular,Data Extraction,,Investment Banking,,Urban Planning,Genetic Engineering,Mining,,Self Improvement,U.S. History,Music,Writing,,Religion,,Public Health,,,Political Economy
,Videography,,Corporate Culture,,Apache Beam,Data Integration,,Islamic Capital Markets,,,Hyperloop,Nature,,Social Psychology,Vernacular Architecture,Mythology,,,Rhetoric,,Surgery,,,Political Science
,,,Counselling,,Apache Kafka,Data Lakes,,Islamic Economics,,,Industrial Engineering,Oceanography,,Social Work,World History,Philosophy,,,Screenplays,,Viruses,,,Politics
,,,Crisis Resource Management,,Apache Spark,Data Management,,Macroeconometric Forecasting,,,Information Engineering,Oil,,Time Management,,Sikhism,,,Storytelling,,,,,Popular Culture
,,,Critical Thinking Skills,,API Design,Data Mart,,Macroeconomics,,,Infrastructure,Organic Chemistry,,Vaccines,,Social Science,,,Writing,,,,,Psychology
,,,Customer Insights,,API Management,Data Mining,,Managerial Economics,,,Logistics,Physics,,Well Being,,Spirituality,,,,,,,,Public Policy
,,,Customer Relationship Management,,App Development,Data Monetization,,Microeconomics,,,Math,Pollution,,,,War and Conflict,,,,,,,,Race & Racism
,,,Data Extraction,,ASP.NET,Data Recovery,,Personal Finance,,,Mathematical Modelling,Quantum Physics,,,,Western Civilization,,,,,,,,Social Justice
,,,Decision Making,,Aspect-Oriented Programming,Data Science,,Political Economy,,,MATLAB,Renewable Energy,,,,Writing,,,,,,,,Sociology
,,,Digital Leadership,,Aurelia,Data Sharing,,Public Economics,,,Mechanical Engineering,Salmon,,,,,,,,,,,,Women's Rights
,,,Digital Marketing,,Authentications,Data Transformation,,Risk Management,,,Netlist,Solar Energy,,,,,,,,,,,,
,,,E-commerce,,AWS,Data Visualization,,Stocks,,,Physics,Spectroscopy,,,,,,,,,,,,
,,,Enterprise Sales,,AWS Amplify,Data Warehouse,,Taxes,,,Quality Control,STEM,,,,,,,,,,,,
,,,Entrepreneurship,,Azure,Database Encryption,,Tourism Management,,,Railway Engineering,Sustainability,,,,,,,,,,,,
,,,Finance,,Azure DevOps,Database Schema,,Trading,,,Robotic Process Automation,Sustainable Development,,,,,,,,,,,,
,,,Financial Accounting,,Azure Security,Databases,,,,,Robotics,Volcanoes,,,,,,,,,,,,
,,,Financial Management,,Azure Sentinel,Deep Learning,,,,,Six Sigma,Waste Management,,,,,,,,,,,,
,,,Gender Equity,,Back End (Software Engineering),Edge Computing,,,,,Software Engineering,Water,,,,,,,,,,,,
,,,Genesys,,Backbone.js,Excel,,,,,Structural Engineering,,,,,,,,,,,,,
,,,Growth Marketing,,Base64,File Allocation Tables,,,,,Supply Chain Design,,,,,,,,,,,,,
,,,Hospitality,,Beautifulsoup,Firebird Database,,,,,Transportation,,,,,,,,,,,,,
,,,Hospitality Management,,Bitmap,Google Power Searching,,,,,,,,,,,,,,,,,,
,,,Human Resources,,Blazor,Gparted,,,,,,,,,,,,,,,,,,
,,,Information Security,,Blockchain,Grafana,,,,,,,,,,,,,,,,,,
,,,Innovation,,Bootstrap,Graylog,,,,,,,,,,,,,,,,,,
,,,Intellectual Property,,Bulma,Hash Table,,,,,,,,,,,,,,,,,,
,,,International Business,,C Programming,IBM Watson,,,,,,,,,,,,,,,,,,
,,,International Project Management,,C#,Image Analysis,,,,,,,,,,,,,,,,,,
,,,Internet Marketing,,CakePHP,Image Processing,,,,,,,,,,,,,,,,,,
,,,Interview,,CentOS Stream,Inference,,,,,,,,,,,,,,,,,,
,,,Islamic Accounting,,Certificate Authority,Inferential Statistics,,,,,,,,,,,,,,,,,,
,,,Islamic Banking and Finance,,Chart.js,Informatica,,,,,,,,,,,,,,,,,,
,,,Islamic Business Ethics,,Chatbots,Informatics,,,,,,,,,,,,,,,,,,
,,,Islamic Entrepreneurship and Innovation,,Cipher,Information Systems,,,,,,,,,,,,,,,,,,
,,,Islamic Fintech,,Claroty,Keras,,,,,,,,,,,,,,,,,,
,,,Islamic Insurance Products,,Cloud Computing,Kibana,,,,,,,,,,,,,,,,,,
,,,Islamic Marketing,,Cloud Foundry,Log Analysis,,,,,,,,,,,,,,,,,,
,,,Jira,,Cloudflare,Machine Learning,,,,,,,,,,,,,,,,,,
,,,Journalism,,Code Migration,MariaDB,,,,,,,,,,,,,,,,,,
,,,Knowledge Management,,Codeigniter,Marketing Analytics,,,,,,,,,,,,,,,,,,
,,,Landscape Finance,,Coding,Microsoft Dynamics,,,,,,,,,,,,,,,,,,
,,,Leadership,,Coding Bootcamps,Microstrategy,,,,,,,,,,,,,,,,,,
,,,Lean Product Management,,Coding Theory,Minitab,,,,,,,,,,,,,,,,,,
,,,Localisation,,Command Line,MySQL,,,,,,,,,,,,,,,,,,
,,,Luxury Management,,Compilers,Natural Language Processing,,,,,,,,,,,,,,,,,,
,,,Management,,Computer Forensics,Neural Network,,,,,,,,,,,,,,,,,,
,,,Management Accounting,,Computer Science,NoSQL,,,,,,,,,,,,,,,,,,
,,,Marketing,,Computer Security,NumPy,,,,,,,,,,,,,,,,,,
,,,Marketing Management,,Computer Vision,Oracle Analytics,,,,,,,,,,,,,,,,,,
,,,Marketing Strategy,,Content Management Systems (CMS),Oracle SQL,,,,,,,,,,,,,,,,,,
,,,Media Law,,Continuous Integration,pandas,,,,,,,,,,,,,,,,,,
,,,Mergers & Acquisitions,,Corda,Parsing,,,,,,,,,,,,,,,,,,
,,,Microsoft Dynamics,,CSS,Pivot Tables and Charts,,,,,,,,,,,,,,,,,,
,,,Negotiations,,CSS Grid,PostgreSQL,,,,,,,,,,,,,,,,,,
,,,Networking Events,,Cybersecurity,Power BI,,,,,,,,,,,,,,,,,,
,,,Operations,,Cygwin,Predictive Analytics,,,,,,,,,,,,,,,,,,
,,,Operations Management,,DAEMON Tools,PyTorch,,,,,,,,,,,,,,,,,,
,,,Oracle Analytics,,Data Structures,R Programming,,,,,,,,,,,,,,,,,,
,,,Organisational Behaviour,,Decoding,R Shiny,,,,,,,,,,,,,,,,,,
,,,Organizational Behaviour,,DevOps,Regression,,,,,,,,,,,,,,,,,,
,,,PMP,,DevSecOps,Relational Database Management Systems,,,,,,,,,,,,,,,,,,
,,,Portfolio Management,,Digital Forensics,Relational Databases,,,,,,,,,,,,,,,,,,
,,,Problem Solving,,Django,Research Skills and Methods,,,,,,,,,,,,,,,,,,
,,,Procurement,,Docker,Simulation,,,,,,,,,,,,,,,,,,
,,,Product Management,,Docker Hub,Snowflake,,,,,,,,,,,,,,,,,,
,,,Professional Development,,Dojo Toolkit,SQL,,,,,,,,,,,,,,,,,,
,,,Professional Skills,,DOM Scripting,SQLAlchemy,,,,,,,,,,,,,,,,,,
,,,Professional Writing,,Dozer,Stata,,,,,,,,,,,,,,,,,,
,,,Project Management,,Drupal,Statistics,,,,,,,,,,,,,,,,,,
,,,Project Management Office,,Dynamic Programming,Stochastic Processes,,,,,,,,,,,,,,,,,,
,,,Public Economics,,Eclipse,Syntax,,,,,,,,,,,,,,,,,,
,,,Public Speaking,,Edge Computing,Tealium,,,,,,,,,,,,,,,,,,
,,,Qualitative Methods,,Encase,Technical Analysis,,,,,,,,,,,,,,,,,,
,,,Quantitative Methods,,Encryption,TensorFlow,,,,,,,,,,,,,,,,,,
,,,Remote Work,,Encryption Software,TinyML,,,,,,,,,,,,,,,,,,
,,,Research Method,,ESLint,T-SQL,,,,,,,,,,,,,,,,,,
,,,Retail,,Ethereum,Veeam,,,,,,,,,,,,,,,,,,
,,,Rhetoric,,Etherscan,XML Databases,,,,,,,,,,,,,,,,,,
,,,Risk Management,,Ethical Hacking,YAML,,,,,,,,,,,,,,,,,,
,,,Sales,,Fast API,,,,,,,,,,,,,,,,,,,
,,,Scrum,,Fiddler,,,,,,,,,,,,,,,,,,,
,,,ServiceNow,,Firebase,,,,,,,,,,,,,,,,,,,
,,,Social Entrepreneurship,,Firmware,,,,,,,,,,,,,,,,,,,
,,,Social Media Marketing,,Flask,,,,,,,,,,,,,,,,,,,
,,,Soft Skills,,Flexbox,,,,,,,,,,,,,,,,,,,
,,,Software as a Service (SaaS),,Forcepoint,,,,,,,,,,,,,,,,,,,
,,,Sports Business,,Forensic Tools,,,,,,,,,,,,,,,,,,,
,,,Starting a Business,,Front End Software Engineering,,,,,,,,,,,,,,,,,,,
,,,Storytelling,,Front End Web Development,,,,,,,,,,,,,,,,,,,
,,,Strategic Management,,Full Stack Development,,,,,,,,,,,,,,,,,,,
,,,Strategic Thinking,,Game Development,,,,,,,,,,,,,,,,,,,
,,,Strategy,,Genesys,,,,,,,,,,,,,,,,,,,
,,,Success,,Ghidra,,,,,,,,,,,,,,,,,,,
,,,Supply Chain Management,,Git,,,,,,,,,,,,,,,,,,,
,,,Teamwork,,GitHub,,,,,,,,,,,,,,,,,,,
,,,Telecommunications Networks,,Google Search Console,,,,,,,,,,,,,,,,,,,
,,,Thinking,,Gparted,,,,,,,,,,,,,,,,,,,
,,,TikTok,,Grafana,,,,,,,,,,,,,,,,,,,
,,,Twilio,,Graphql,,,,,,,,,,,,,,,,,,,
,,,Venture Capital,,Grid Computing,,,,,,,,,,,,,,,,,,,
,,,Video Editing,,gRPC,,,,,,,,,,,,,,,,,,,
,,,Videography,,HackerOne,,,,,,,,,,,,,,,,,,,
,,,WhatsApp,,Hacking,,,,,,,,,,,,,,,,,,,
,,,Workplace Wellness,,Hadoop,,,,,,,,,,,,,,,,,,,
,,,Zapier,,Hardening,,,,,,,,,,,,,,,,,,,
,,,Zimbra,,Hash Table,,,,,,,,,,,,,,,,,,,
,,,,,Heroku,,,,,,,,,,,,,,,,,,,
,,,,,HTML,,,,,,,,,,,,,,,,,,,
,,,,,HTML5,,,,,,,,,,,,,,,,,,,
,,,,,HTTP Protocols,,,,,,,,,,,,,,,,,,,
,,,,,Hyperledger,,,,,,,,,,,,,,,,,,,
,,,,,IBM QRadar,,,,,,,,,,,,,,,,,,,
,,,,,iCloud,,,,,,,,,,,,,,,,,,,
,,,,,iFrame,,,,,,,,,,,,,,,,,,,
,,,,,Information Security,,,,,,,,,,,,,,,,,,,
,,,,,Information Technology,,,,,,,,,,,,,,,,,,,
,,,,,iOS App,,,,,,,,,,,,,,,,,,,
,,,,,iOS Development,,,,,,,,,,,,,,,,,,,
,,,,,Iptables,,,,,,,,,,,,,,,,,,,
,,,,,IPv4,,,,,,,,,,,,,,,,,,,
,,,,,IT Support,,,,,,,,,,,,,,,,,,,
,,,,,Java,,,,,,,,,,,,,,,,,,,
,,,,,JavaFX,,,,,,,,,,,,,,,,,,,
,,,,,JavaScript,,,,,,,,,,,,,,,,,,,
,,,,,Jenkins,,,,,,,,,,,,,,,,,,,
,,,,,Jetty,,,,,,,,,,,,,,,,,,,
,,,,,Jhipster,,,,,,,,,,,,,,,,,,,
,,,,,jQuery,,,,,,,,,,,,,,,,,,,
,,,,,JRuby,,,,,,,,,,,,,,,,,,,
,,,,,JSON,,,,,,,,,,,,,,,,,,,
,,,,,Kali Linux,,,,,,,,,,,,,,,,,,,
,,,,,Kids Coding Language,,,,,,,,,,,,,,,,,,,
,,,,,Kotlin,,,,,,,,,,,,,,,,,,,
,,,,,Kubernetes,,,,,,,,,,,,,,,,,,,
,,,,,Laravel,,,,,,,,,,,,,,,,,,,
,,,,,Liferay,,,,,,,,,,,,,,,,,,,
,,,,,Linux,,,,,,,,,,,,,,,,,,,
,,,,,Lodash,,,,,,,,,,,,,,,,,,,
,,,,,Lua,,,,,,,,,,,,,,,,,,,
,,,,,Macrium Reflect,,,,,,,,,,,,,,,,,,,
,,,,,Malware Analysis,,,,,,,,,,,,,,,,,,,
,,,,,MAMP,,,,,,,,,,,,,,,,,,,
,,,,,Mean Stack,,,,,,,,,,,,,,,,,,,
,,,,,Mern Stack,,,,,,,,,,,,,,,,,,,
,,,,,Metadata,,,,,,,,,,,,,,,,,,,
,,,,,Metasploit,,,,,,,,,,,,,,,,,,,
,,,,,MeteorJS,,,,,,,,,,,,,,,,,,,
,,,,,Microstrategy,,,,,,,,,,,,,,,,,,,
,,,,,MiFi,,,,,,,,,,,,,,,,,,,
,,,,,Minitab,,,,,,,,,,,,,,,,,,,
,,,,,Mobile Development,,,,,,,,,,,,,,,,,,,
,,,,,MongoDB,,,,,,,,,,,,,,,,,,,
,,,,,Mulesoft,,,,,,,,,,,,,,,,,,,
,,,,,NativeScript,,,,,,,,,,,,,,,,,,,
,,,,,NetBeans,,,,,,,,,,,,,,,,,,,
,,,,,Network Computing,,,,,,,,,,,,,,,,,,,
,,,,,Network Programming,,,,,,,,,,,,,,,,,,,
,,,,,Network Security,,,,,,,,,,,,,,,,,,,
,,,,,Node.js,,,,,,,,,,,,,,,,,,,
,,,,,Numba,,,,,,,,,,,,,,,,,,,
,,,,,OAuth,,,,,,,,,,,,,,,,,,,
,,,,,Object Oriented Programming,,,,,,,,,,,,,,,,,,,
,,,,,OpenSSL,,,,,,,,,,,,,,,,,,,
,,,,,Openstack,,,,,,,,,,,,,,,,,,,
,,,,,OpenVAS,,,,,,,,,,,,,,,,,,,
,,,,,Operating Systems,,,,,,,,,,,,,,,,,,,
,,,,,Oracle SQL,,,,,,,,,,,,,,,,,,,
,,,,,Page Speed,,,,,,,,,,,,,,,,,,,
,,,,,Parsing,,,,,,,,,,,,,,,,,,,
,,,,,Penetration Testing,,,,,,,,,,,,,,,,,,,
,,,,,pfSense,,,,,,,,,,,,,,,,,,,
,,,,,Phishing,,,,,,,,,,,,,,,,,,,
,,,,,PostgreSQL,,,,,,,,,,,,,,,,,,,
,,,,,PowerShell,,,,,,,,,,,,,,,,,,,
,,,,,Primefaces,,,,,,,,,,,,,,,,,,,
,,,,,Progressive Web Apps,,,,,,,,,,,,,,,,,,,
,,,,,PyCharm,,,,,,,,,,,,,,,,,,,
,,,,,PyPi,,,,,,,,,,,,,,,,,,,
,,,,,Python,,,,,,,,,,,,,,,,,,,
,,,,,R Shiny,,,,,,,,,,,,,,,,,,,
,,,,,Radware,,,,,,,,,,,,,,,,,,,
,,,,,Raspberry Pi,,,,,,,,,,,,,,,,,,,
,,,,,React Native,,,,,,,,,,,,,,,,,,,
,,,,,ReactJS,,,,,,,,,,,,,,,,,,,
,,,,,Rest APIÂ ,,,,,,,,,,,,,,,,,,,
,,,,,Restify,,,,,,,,,,,,,,,,,,,
,,,,,RSA cryptosystem,,,,,,,,,,,,,,,,,,,
,,,,,rStudio,,,,,,,,,,,,,,,,,,,
,,,,,Ruby,,,,,,,,,,,,,,,,,,,
,,,,,Ruby on Rails,,,,,,,,,,,,,,,,,,,
,,,,,Sass,,,,,,,,,,,,,,,,,,,
,,,,,Scala,,,,,,,,,,,,,,,,,,,
,,,,,Scikit-Learn,,,,,,,,,,,,,,,,,,,
,,,,,Scratch Programming,,,,,,,,,,,,,,,,,,,
,,,,,Scripting,,,,,,,,,,,,,,,,,,,
,,,,,Scrum,,,,,,,,,,,,,,,,,,,
,,,,,Security Administration,,,,,,,,,,,,,,,,,,,
,,,,,Security Software,,,,,,,,,,,,,,,,,,,
,,,,,Security Testing,,,,,,,,,,,,,,,,,,,
,,,,,Selenium,,,,,,,,,,,,,,,,,,,
,,,,,Selinux,,,,,,,,,,,,,,,,,,,
,,,,,Semantic UI,,,,,,,,,,,,,,,,,,,
,,,,,ServiceNow,,,,,,,,,,,,,,,,,,,
,,,,,Sitemaps,,,,,,,,,,,,,,,,,,,
,,,,,Smarty,,,,,,,,,,,,,,,,,,,
,,,,,Software as a Service (SaaS),,,,,,,,,,,,,,,,,,,
,,,,,Software Coding,,,,,,,,,,,,,,,,,,,
,,,,,Software Development,,,,,,,,,,,,,,,,,,,
,,,,,Software Development Life Cycle,,,,,,,,,,,,,,,,,,,
,,,,,Software Prototyping,,,,,,,,,,,,,,,,,,,
,,,,,Software Testing,,,,,,,,,,,,,,,,,,,
,,,,,Solidity,,,,,,,,,,,,,,,,,,,
,,,,,Sonicwall,,,,,,,,,,,,,,,,,,,
,,,,,Spring Boot,,,,,,,,,,,,,,,,,,,
,,,,,Spring Security,,,,,,,,,,,,,,,,,,,
,,,,,SQLAlchemy,,,,,,,,,,,,,,,,,,,
,,,,,Squarespace,,,,,,,,,,,,,,,,,,,
,,,,,Steganography,,,,,,,,,,,,,,,,,,,
,,,,,Swagger UI,,,,,,,,,,,,,,,,,,,
,,,,,Swift,,,,,,,,,,,,,,,,,,,
,,,,,Symfony,,,,,,,,,,,,,,,,,,,
,,,,,Syntax,,,,,,,,,,,,,,,,,,,
,,,,,Telecommunications Networks,,,,,,,,,,,,,,,,,,,
,,,,,Test Driven Development,,,,,,,,,,,,,,,,,,,
,,,,,Truffle,,,,,,,,,,,,,,,,,,,
,,,,,Twilio,,,,,,,,,,,,,,,,,,,
,,,,,Typescript,,,,,,,,,,,,,,,,,,,
,,,,,Umbraco,,,,,,,,,,,,,,,,,,,
,,,,,Unit Testing,,,,,,,,,,,,,,,,,,,
,,,,,Unity 3D,,,,,,,,,,,,,,,,,,,
,,,,,Unix,,,,,,,,,,,,,,,,,,,
,,,,,Vaadin,,,,,,,,,,,,,,,,,,,
,,,,,Veracode,,,,,,,,,,,,,,,,,,,
,,,,,Vuex,,,,,,,,,,,,,,,,,,,
,,,,,Vulnerability Management,,,,,,,,,,,,,,,,,,,
,,,,,Watir,,,,,,,,,,,,,,,,,,,
,,,,,Web 2.0,,,,,,,,,,,,,,,,,,,
,,,,,Web Content Management Systems,,,,,,,,,,,,,,,,,,,
,,,,,Web Development,,,,,,,,,,,,,,,,,,,
,,,,,Web Frameworks,,,,,,,,,,,,,,,,,,,
,,,,,Web Scraping,,,,,,,,,,,,,,,,,,,
,,,,,Web Servers,,,,,,,,,,,,,,,,,,,
,,,,,Webhooks,,,,,,,,,,,,,,,,,,,
,,,,,Webkit,,,,,,,,,,,,,,,,,,,
,,,,,Website Architecture,,,,,,,,,,,,,,,,,,,
,,,,,Weebly,,,,,,,,,,,,,,,,,,,
,,,,,Windows 10 Security,,,,,,,,,,,,,,,,,,,
,,,,,Wireshark,,,,,,,,,,,,,,,,,,,
,,,,,Wix,,,,,,,,,,,,,,,,,,,
,,,,,XAMPP,,,,,,,,,,,,,,,,,,,
,,,,,XML Databases,,,,,,,,,,,,,,,,,,,
,,,,,YAML,,,,,,,,,,,,,,,,,,,
,,,,,Zimbra,,,,,,,,,,,,,,,,,,,