Curriculum Development,Course Accreditation ,Learning Management System,Policy Development,Research and Analysis,Financial Management,Project Management,Writing and Editing,Grants and Scholarships
Higher Education Curriculum Expert,Higher Education Accreditation  Expert,Industry LMS Expert,Industry Policy Expert,Learning Analytics Specialist,Financial Analyst,Program Manager,Curriculum Writer,Higher Education Grants Specialist
Primary Education Curriculum Expert,Primary Education Accreditation Expert,Higher Education  LMS Expert,Higher Education Policy Expert,Assessment and Evaluation Analyst,Financial Controller,Portfolio Manager,Educational Content Writer ,Scholarships Consultant
Vocational Education Curriculum Expert,Vocational Education Accreditation Expert,Vocational Education  LMS Expert,Primary Education Policy Expert,Curriculum Analyst,Risk Manager,Project Coordinator,Academic Curriculum Editor,Education Funding Analyst
High School Education Curriculum Expert,High School Education Accreditation Expert,High School Education  LMS Expert,Vocational Education Policy Expert,Education Policy Analyst,Investment Analyst,Scrum Master,Educational Assessment Writer,Government Grants Program Director
Agricultural Education Curriculum Expert,TEQSA Expert (Australia),Primary Education  LMS Expert,High School Education Policy Expert,Market Research Analyst,Treasury Analyst,Agile Project Manager,Government Grant Writer,Education Grants Researcher
Sustainable Farming Specialist,ASQA Expert (Australia),Corporate Training LMS Expert,Healthcare Policy Expert,Business Intelligence Analyst,Corporate Finance Manager,Risk Manager,Research Report Writer,Nonprofit Grants Expert
Agribusiness Education Curriculum Expert,QAA Expert (UK),Healthcare Education LMS Expert,Environmental Policy Expert,Industry Trends Analyst,Budget Analyst,Quality Assurance Manager,Technical Writer,Industry-Specific Scholarships Expert
Urban Planning Education Curriculum Expert,Ofsted Expert (UK),Nonprofit Sector LMS Expert,Information Technology Policy Expert,Competitive Intelligence Specialist,Financial Consultant,IT Project Manager,Marketing Copywriter,Industry Training Grants Expert
Business Education Curriculum Expert,MSCHE Expert (USA),Government Training LMS Expert,Social Justice Policy Expert,Industry Policy and Regulatory Analyst ,Audit Manager,Product Manager,Regulatory Compliance Writer,Education Grants Database Manager
Islamic Finance Curriculum Expert,NECHE Expert (USA),K-12 Education LMS Expert,Energy Policy Expert,Education Policy and Regulatory Analyst ,Credit Risk Analyst,Business Analyst,Industry Policy Writer,International Education Scholarships Expert
K-12 Education Curriculum Expert,HLC Expert (USA),STEM Education LMS Expert,Transportation Policy Expert,Workforce Development Analyst,Government Budget Analyst,Operations Manager,Government Policy Writer,Start-up Funding Consultant
Engineering Education Curriculum Expert,ACICS Expert (USA),,Economic Policy Expert,Supply Chain Analyst,Treasury Specialist,Government Project Manager,Education Policy Writer,
Civil Engineering Curriculum Expert,QAF Expert (Canada),,International Development Policy Expert,Technology Research Analyst,Financial Examiner,Public Sector Program Manager,Legal Writer,
Mechanical Engineering Specialist,NZQA Expert (New Zealand),,Government Affairs Policy Expert,Institutional Research Analyst,Economic Analyst - Government,Government IT Project Coordinator,Social Media Content Writer ,
Environmental Education Curriculum Expert,UGC Expert (Bangladesh),,Data Privacy and Security Policy Expert,Enrollment Management Analyst,Policy Analyst - Finance and Budget,Policy Analyst,Thesis Editor ,
Medical Education Curriculum Expert,MQA Expert (Malaysia),,Border Security Policy Expert,Student Success Analyst,Government Auditor,Government Grants Manager,Data Analysis and Interpretation Writer,
Clinical Skills Specialist,CHEA Expert (USA),,,Accreditation Analyst,Public Finance Manager,Government Procurement Specialist,Research Publication Editor,
Public Health Education Curriculum Expert,ENQA Expert (Europe),,,Higher Education Policy Analyst,Financial Compliance Officer,Government Performance Analyst,Thesis Review Expert,
Nutrition Education Specialist,NVAO Expert (Netherlands and Flanders),,,Quantitative Research Analyst,Government Grants Manager,Public Health Project Manager,,
Humanities Education Curriculum Expert,DIQA Expert (Germany),,,Qualitative Research Specialist,Government Financial Analyst,,,
Cultural Studies Curriculum Expert,CNA Expert (France),,,Research Methodologist,,,,
Language Education Curriculum Expert,ANECA Expert (Spain),,,Survey Research Analyst,,,,
Legal Education Curriculum Expert,EQAR Expert (Europe),,,,,,,
Criminal Justice Curriculum Expert,TEC Expert (Ireland),,,,,,,
Mathematics Education Curriculum Expert,NAB Expert (Pakistan),,,,,,,
Data Science Curriculum Expert,NACC Expert (India),,,,,,,
Science Education Curriculum Expert,CAQA Expert (China),,,,,,,
Chemistry Curriculum Expert,SAC Expert (Singapore),,,,,,,
Social Sciences Education Curriculum Expert,JUAA Expert (Japan),,,,,,,
Psychology Education Curriculum Expert,KOTA Expert (South Korea),,,,,,,
History Education Curriculum Expert,TÃœRKAK Expert (Turkey),,,,,,,
Geography Curriculum Specialist,AQAS Expert (Germany),,,,,,,
Physics Education Curriculum Expert,ASIIN Expert (Germany),,,,,,,
Economics Curriculum Specialist,AAQ Expert (Switzerland),,,,,,,
Art Education Curriculum Expert,A3ES Expert (Portugal),,,,,,,
Physical Education Curriculum Expert,CNAQ Expert (Qatar),,,,,,,
Early Childhood Education Specialist,NOKUT Expert (Norway),,,,,,,
Literacy Education Curriculum Specialist,CSQA Expert (South Africa),,,,,,,
STEM Education Curriculum Specialist,KAA Expert (Kenya),,,,,,,
Health Education Curriculum Expert,CEEQA Expert,,,,,,,
,QS World Uni Rankings Consultant,,,,,,,
,AACSB Accreditation Consultant,,,,,,,
,Times Higher Education Rankings Consultant,,,,,,,