type,title,first_name,last_name,email,password,expertise,image,biography,country
Client,Dr,Emily,Anderson,client@example.com,12345678,,anderson.jpg,,Australia
Expert,Professor,Michael,Kassiou,expert@example.com,12345678,16,kassiou.png,"Professor Michael Kassiou, a renowned expert based in Sydney, NSW, Australia, is a leading authority in the field of healthcare. His expertise spans nursing nutrition, public health, curriculum development, and educational assessment. Professor Kassiou's contributions have significantly advanced healthcare education and practice in Australia and beyond.",Australia
Expert,Dr,Sarah,Mitchell,jondoe@gmail.com,12345678,17,mitchell.png,"Dr. Sarah Mitchell, a distinguished biologist and curriculum expert, holds the position of lecturer at Massachusetts Hall in Cambridge, United States. With a deep passion for animal behavior and breeding, she excels as a program designer, contributing to the advancement of knowledge in the field of biology.",United States
Expert,Professor,Jennifer,Martinez,martinez@gmail.com,12345678,18,martinez.png,"Professor Jennifer Martinez, an accomplished economist based in Edgbaston, Birmingham, United Kingdom, is renowned for her expertise in qualitative data analysis. As a distinguished subject matter expert, she actively contributes to curriculum development and program design in the field of economics, furthering the understanding and application of economic principles.",United Kingdom
Expert,Dr,Emily,Davis,davis03@gmail.com,12345678,19,davis.png,"Dr. Emily Davis, a dedicated lecturer in Toronto, ON, Canada, specializes in the interdisciplinary fields of medicine, health informatics, human behavior, and human biology. With a passion for improving healthcare through a deep understanding of human biology and behavior, she plays a pivotal role in educating the next generation of healthcare professionals.",Canada
Expert,Dr,Wade,Warren,wade@gmail.com,12345678,20,wade.png,"Dr. Wade Warren, a distinguished science lecturer based in Bauch Nook, Howefort, United States, specializes in the realm of natural sciences and nuclear physics. With expertise in instructional design, assessment and evaluation, and serving as a subject matter expert, Dr. Warren contributes significantly to advancing knowledge and teaching in the field of science.",United States
Expert,Dr,Leslie,Alexander,leslie@gmail.com,12345678,21,leslie.png,"Dr. Leslie Alexander, a dedicated lecturer in Melbourne, Australia, is an expert in the field of social science, particularly focusing on education and foreign policy. With a strong background in instructional design and subject matter expertise, Dr. Alexander plays a pivotal role in shaping the future of social science education and policy development.",Australia
Expert,Professor,Eleanor,Pena,eleanor@gmail.com,12345678,22,eleanor.png,"Professor Eleanor Pena, a distinguished professor in Tasmania, Bayfield, Australia, is renowned for her expertise in the field of law, with a strong focus on children's rights, civil liberties, and contract law. Her contributions to legal education and advocacy in these areas have had a profound impact on the legal landscape, especially in relation to the protection of children's rights and civil liberties.",Australia
Expert,Dr,Kristin,Watson,kristin@gmail.com,12345678,15,kristin.png,"Dr. Kristin Watson, a seasoned consultant based in Moruya, Angledale, Australia, specializes in research and analysis. With expertise in data analysis, research methodology, needs assessment, evaluation techniques, and quantitative research, Dr. Watson plays a crucial role in providing valuable insights and guidance to various organizations and researchers seeking to make data-driven decisions.",Australia
Expert,Dr,Darlene,Robertson,karlene@gmail.com,12345678,16,karlene.png,"Dr. Darlene Robertson, a knowledgeable consultant hailing from Webb Road, Hillsborough, Canada, specializes in writing and editing. Her expertise lies in grant proposal writing, journal article editing, legal writing, and conducting comprehensive literature reviews. Dr. Robertson's skills and insights have been invaluable in the realms of academic and professional writing and publication.",Canada
Expert,Professor,Bessie,Cooper,bessie@gmail.com,12345678,20,bessie.png,"Professor Bessie Cooper, a distinguished consultant located on Caradon Hill in New Zealand, specializes in program design. Her expertise encompasses educational expertise, curriculum development, instructional design, and subject matter expertise. Professor Cooper's contributions play a pivotal role in shaping effective educational programs and enhancing the learning experience for students and educators.",New Zealand
Expert,Professor,Jacob,Jones,jacob@gmail.com,12345678,17,jacob.jpg,"Professor Jacob Jones, a seasoned consultant based in Miramar Place, California, United States, specializes in scholarships and financial aid advisory services. With expertise in financial aid knowledge, grant writing, interview preparation, needs assessment, program evaluation, and proposal writing guidance, Professor Jones provides invaluable support to students and organizations seeking to secure scholarships and financial assistance for educational pursuits.",United States
Expert,Dr,Marvin,McKinney,marvin@gmail.com,12345678,18,marvin.jpg,"Dr. Marvin McKinney, a dedicated consultant located on Kiehn Route in Japan, specializes in international education. His expertise encompasses cross-cultural communication, global curriculum development, language proficiency, intercultural competence, and educational policy analysis. Dr. McKinney's insights and guidance contribute significantly to fostering international educational collaborations and understanding across diverse cultures.",Japan
Expert,Dr,Darrell,Steward,darrell@gmail.com,12345678,19,darrell.jpg,"Dr. Darrell Steward, a dedicated consultant based on Carling Avenue in the United States, specializes in curriculum development and instructional design. With expertise in assessment and evaluation, along with subject matter expertise, Dr. Steward plays a crucial role in shaping effective educational programs and enhancing the learning experience for students and educators alike.",United States
Expert,Dr,Brooklyn,Simmons,brooklyn@gmail.com,12345678,21,brooklyn.jpg,"Dr. Brooklyn Simmons, a seasoned consultant based in Mohr Heights, Australia, specializes in providing industry-specific expertise. With a deep understanding of market analysis, trend analysis, competitive analysis, and regulatory compliance, Dr. Simmons offers valuable insights and guidance to businesses and professionals seeking to excel in their respective industries.",Australia
Expert,Professor,Albert,Flores,albert@gmail.com,12345678,22,albert.jpg,"Professor Albert Flores, a distinguished consultant based in Boulevard, Ceulemans, India, specializes in research and analysis. With expertise in data analysis, research methodology, needs assessment, evaluation techniques, and quantitative research, Professor Flores offers valuable support to organizations and researchers seeking data-driven insights for informed decision-making and effective problem-solving.",India
Client,Dr,Jason,Stark,Jason36@gmail.com,12345678,,jason.jpg,,United States
Client,Dr,Amanda,Ghonson,Amanda.07@yahoo.com,12345678,,amanda.jpg,,United States
Client,Dr,Michelle,Gadot,Michelle.gadot@gmail.com,12345678,,michelle.jpg,,United States
Client,Dr,Stephanie,Gomez,Stephanie.G@gmail.com,12345678,,stephanie.jpg,,Australia
Client,Dr,Patric,Slova,Patric0723@gmail.com,12345678,,patric.jpg,,United States
Client,Dr,Nicole,Kidman,Nicole.kidman06@gmail.com,12345678,,picole.jpg,,Bangladesh
Client,Dr,Elizabeth,Michelle,Elizabeth.m2@gmail.com,12345678,,elizabeth.jpg,,United Kingdom
Client,Dr,Jessica,Henry,Jessicahemry123@gmail.com,12345678,,jessica.jpg,,Canada
Client,Dr,Lisa,Gomez,Lisa.gomez0232@hotmail.com,12345678,,Lisa.jpg,,United States
Client,Dr,Karen,Harley,Karenharley.st@gmail.com,12345678,,Karen.jpg,,India